Unnamed: 0,肉桂,鹿茸,木香,延胡索,防风,独活,天麻,荆芥,薄荷,白术,白芷,干姜,当归,白芍,地榆,大黄,栀子,人参,麻黄,石膏,川芎,甘草,附子,滑石,丁香,黄连,秦艽,茯苓,山药,威灵仙,藿香,赤芍,牛膝,肉苁蓉,山茱萸,杜仲,苍术,全蝎,防己,石菖蒲,紫苏子,川楝子,乌药,薏苡仁,石斛,陈皮,牡丹皮,柴胡,桔梗,吴茱萸,泽泻,葛根,枳实,知母,枇杷叶,五加皮,乌梅,砂仁,草果,白扁豆,菟丝子,地骨皮,茵陈,豆蔻,莪术,沉香,槟榔,甘松,五味子,神曲,补骨脂,香附,连翘,莲子,紫菀,通草,款冬花,阿胶,丹参,柏子仁,百部,蝉蜕,桃仁,何首乌,远志,大枣,黄精,酸枣仁,车前子,鳖甲,桑寄生,瞿麦,山豆根,黄柏,艾叶,菊花,石决明,地肤子,蒲黄,郁金,蜈蚣,射干,覆盆子,红花,白蔹,百合,钩藤,麦芽,王不留行
肉桂,0,2,4,4,1,0,0,3,0,18,14,44,29,10,0,5,1,26,7,1,6,36,7,0,5,2,2,16,3,1,1,16,0,0,1,0,6,0,0,3,3,1,1,0,2,20,4,3,11,1,3,2,0,0,0,1,2,2,0,0,1,0,0,1,3,1,0,1,12,0,0,0,1,0,1,0,0,1,0,3,0,0,0,0,0,1,0,7,7,2,0,0,0,1,0,0,0,0,2,0,0,0,0,0,0,0,0,0,0
鹿茸,2,0,1,1,0,0,2,0,0,2,0,0,23,0,0,0,0,1,0,0,0,0,1,0,5,0,0,0,1,0,0,0,0,6,0,2,0,0,0,0,0,0,0,0,1,0,0,0,0,0,1,9,0,0,0,0,0,0,7,0,8,0,0,4,0,21,0,0,6,0,0,0,0,0,0,0,0,1,0,0,1,0,0,0,2,0,0,0,0,15,0,0,0,0,0,0,0,0,0,0,0,0,0,0,0,0,0,0,0
木香,4,1,0,2,4,1,0,4,4,6,0,4,16,5,8,7,0,38,3,0,3,29,23,0,56,21,0,8,3,0,17,1,1,3,2,0,1,0,0,5,5,2,1,1,0,11,1,2,2,0,1,0,1,0,0,0,1,8,0,0,0,0,0,25,7,40,10,2,1,3,0,0,1,0,0,0,0,15,0,0,0,0,2,0,0,0,0,0,1,1,1,0,0,2,0,0,0,0,0,0,1,1,0,1,0,0,0,0,0
延胡索,4,1,2,0,0,0,0,0,0,1,2,1,2,0,0,0,0,2,0,0,2,1,1,0,0,0,0,0,0,0,0,3,0,0,1,0,2,0,0,0,0,0,1,0,1,1,6,0,1,0,0,0,0,0,0,0,0,1,0,0,0,0,0,0,1,0,0,0,0,0,0,0,0,0,0,0,0,0,0,0,0,0,0,0,0,0,0,0,0,0,0,0,0,0,0,0,0,0,2,0,0,0,0,1,0,0,0,0,0
防风,1,0,4,0,0,5,12,16,10,1,3,9,9,0,1,1,1,6,3,3,25,13,3,0,1,3,1,3,0,1,0,1,2,0,0,3,3,3,0,1,0,0,0,0,0,0,4,3,2,6,2,0,0,0,0,0,0,0,1,0,2,1,0,0,0,0,0,0,0,0,0,0,0,0,0,0,0,5,4,1,0,1,0,11,5,0,0,0,0,0,0,0,0,0,0,1,0,3,0,0,0,0,0,0,0,0,0,0,0
独活,0,0,1,0,5,0,1,0,2,0,0,0,1,0,0,1,0,2,2,0,0,5,1,0,1,0,1,0,0,0,0,0,2,0,0,2,2,1,0,1,0,0,0,0,0,0,0,4,0,0,1,0,0,0,0,0,0,0,1,0,0,0,1,0,0,1,0,0,0,0,0,0,1,0,0,0,0,0,0,0,0,0,0,0,0,0,0,0,1,0,2,0,0,0,0,0,0,0,0,0,0,1,0,0,0,0,0,0,0
天麻,0,2,0,0,12,1,0,2,10,0,1,2,1,0,0,0,0,2,1,0,4,2,1,1,0,0,0,0,0,0,0,0,1,2,0,0,0,1,0,0,0,0,0,0,0,0,0,0,0,0,0,0,0,0,0,0,0,0,0,0,1,0,0,0,1,0,0,0,1,0,0,0,0,0,0,0,0,0,0,0,0,0,0,0,0,0,0,0,0,0,0,0,0,0,0,0,0,0,0,0,0,0,0,0,0,0,0,0,0
荆芥,3,0,4,0,16,0,2,0,22,0,3,1,22,4,0,0,0,44,4,3,9,16,5,1,0,4,0,0,1,2,0,4,1,1,0,0,7,3,0,0,0,0,0,0,0,1,3,7,4,4,0,0,0,0,0,0,3,1,0,0,1,1,0,0,1,0,0,0,0,0,0,0,0,0,0,0,0,3,0,0,0,0,0,1,0,0,0,0,2,9,0,0,0,0,0,0,0,0,4,0,0,0,0,0,0,0,0,0,0
薄荷,0,0,4,0,10,2,10,22,0,0,5,1,2,0,0,1,2,11,2,3,4,9,5,2,0,4,0,1,0,0,3,0,0,0,0,0,0,0,0,0,4,0,0,0,0,2,0,2,5,0,0,0,1,0,0,0,0,1,0,0,0,0,0,0,0,0,0,0,0,0,0,0,0,0,0,0,0,4,0,0,0,0,0,0,0,0,0,0,1,0,0,0,0,0,0,0,0,0,2,1,0,0,0,0,0,7,0,5,0
白术,18,2,6,1,1,0,0,0,0,0,5,38,10,4,0,0,0,34,4,1,2,33,4,1,3,0,0,25,5,0,9,0,0,0,0,2,3,0,3,0,0,0,2,0,0,10,1,0,5,1,8,2,9,3,0,0,0,1,0,3,2,0,0,0,2,1,0,0,0,0,0,1,0,0,0,0,0,0,0,0,0,0,0,0,0,0,0,0,0,1,1,1,0,0,0,0,0,0,0,0,0,0,0,1,0,0,0,0,0
白芷,14,0,0,2,3,0,1,3,5,5,0,7,10,0,0,4,1,9,5,8,19,25,3,0,1,0,0,5,1,1,6,10,0,0,1,0,2,2,0,0,0,1,0,0,2,2,1,1,8,0,0,0,0,0,0,0,0,1,6,0,0,1,0,0,0,0,0,1,0,2,0,0,0,0,0,0,0,0,1,0,0,0,1,0,0,0,0,0,0,0,0,0,0,0,0,0,0,0,0,0,0,0,0,0,0,0,0,0,0
干姜,44,0,4,1,9,0,2,1,1,38,7,0,31,5,8,1,0,23,8,7,5,85,15,0,8,5,2,21,0,0,3,6,0,0,2,0,4,0,0,0,0,2,0,0,3,33,6,2,17,5,0,1,12,1,0,2,0,3,2,0,0,0,1,0,6,2,0,1,4,3,0,0,0,0,0,9,2,4,0,0,0,0,2,0,0,0,0,0,2,1,1,0,0,4,0,0,0,0,2,0,0,0,0,0,0,0,0,0,1
当归,29,23,16,2,9,1,1,22,2,10,10,31,0,13,3,6,3,95,0,5,12,43,21,3,4,7,2,15,0,1,0,19,6,4,0,2,1,3,0,3,1,3,0,0,4,12,9,1,3,9,1,0,0,0,0,3,4,0,0,0,0,1,1,0,3,24,0,0,3,0,0,0,0,0,0,11,0,6,1,3,0,2,1,0,0,0,0,3,3,26,3,2,0,6,0,0,0,0,15,0,2,0,0,3,0,0,0,0,0
白芍,10,0,5,0,0,0,0,4,0,4,0,5,13,0,0,0,0,6,2,0,4,12,0,0,1,2,0,4,0,0,0,1,0,0,0,0,0,0,0,0,0,0,0,0,0,10,2,3,1,2,1,1,0,0,0,0,2,0,0,0,0,0,0,0,1,0,0,0,4,0,0,0,0,0,0,0,0,0,0,0,0,0,0,0,0,1,0,0,0,0,0,0,0,0,0,0,0,0,0,0,0,0,0,1,0,1,0,0,0
地榆,0,0,8,0,1,0,0,0,0,0,0,8,3,0,0,0,0,9,0,0,0,8,0,0,4,22,0,1,0,0,0,1,6,0,0,6,0,0,0,0,0,0,0,0,0,0,0,0,6,0,0,0,0,0,0,0,0,0,0,0,0,0,0,11,0,0,0,0,0,0,0,0,0,0,0,0,0,19,0,0,0,0,0,0,0,0,0,0,0,0,2,0,0,4,2,0,0,0,0,0,0,0,0,0,0,0,0,0,0
大黄,5,0,7,0,1,1,0,0,1,0,4,1,6,0,0,0,9,2,1,1,0,11,0,2,1,4,0,0,0,0,5,3,0,0,0,0,1,0,0,5,0,0,0,0,0,0,0,0,0,0,0,0,1,0,0,0,0,0,0,0,0,0,0,0,0,7,2,0,0,0,0,0,2,0,0,0,0,0,0,0,0,0,0,0,0,0,0,0,2,1,1,2,0,0,0,1,0,0,0,0,0,1,0,0,0,0,0,0,0
栀子,1,0,0,0,1,0,0,0,2,0,1,0,3,0,0,9,0,1,1,3,1,8,0,2,0,0,0,0,0,0,0,0,0,0,0,0,1,0,0,0,0,0,0,0,0,0,0,1,0,0,0,0,0,0,0,0,0,0,0,0,0,0,3,0,0,2,1,0,0,0,0,0,2,0,0,0,0,0,0,0,0,0,0,0,0,0,0,0,4,0,0,4,0,0,0,1,0,0,0,0,0,0,0,0,0,0,0,0,0
人参,26,1,38,2,6,2,2,44,11,34,9,23,95,6,9,2,1,0,5,3,19,49,15,0,107,12,0,26,6,0,61,6,5,1,0,1,2,6,0,8,6,0,2,1,1,16,1,6,10,4,0,12,5,10,1,0,5,4,6,9,0,5,3,59,2,56,2,0,19,6,0,1,0,0,0,2,45,32,0,4,0,0,5,0,4,1,0,9,9,33,2,0,0,1,2,0,0,3,12,0,0,0,0,1,0,0,0,0,0
麻黄,7,0,3,0,3,2,1,4,2,4,5,8,0,2,0,1,1,5,0,3,4,24,3,0,1,0,1,8,0,0,2,5,0,0,0,0,4,1,0,1,6,0,2,0,0,8,1,1,3,0,1,4,0,0,0,1,2,0,1,0,0,0,0,0,0,0,0,0,7,0,0,0,0,0,0,0,1,1,0,0,0,0,0,0,0,0,0,0,0,0,0,0,0,0,0,0,0,0,0,0,0,0,0,0,0,0,0,0,0
石膏,1,0,0,0,3,0,0,3,3,1,8,7,5,0,0,1,3,3,3,0,10,18,2,0,0,0,0,1,0,0,1,4,0,0,0,0,3,2,0,0,0,0,0,0,0,6,1,4,0,0,0,2,2,4,0,0,2,1,0,0,0,1,0,0,0,0,0,0,1,0,0,0,0,0,0,3,0,0,0,1,0,2,2,0,0,0,0,0,0,0,0,0,0,2,0,0,0,0,0,0,0,0,0,0,0,0,0,0,0
川芎,6,0,3,2,25,0,4,9,4,2,19,5,12,4,0,0,1,19,4,10,0,24,0,0,10,0,4,10,1,0,9,5,1,1,0,0,3,2,0,0,0,0,0,1,1,3,2,4,3,0,1,0,0,0,0,0,1,0,6,0,0,1,0,0,1,0,0,0,1,0,0,1,0,0,0,0,7,9,0,0,0,0,0,17,0,0,0,0,1,3,0,0,0,0,0,0,0,0,0,0,0,0,0,0,0,0,0,0,0
甘草,36,0,29,1,13,5,2,16,9,33,25,85,43,12,8,11,8,49,24,18,24,0,18,8,33,6,2,29,7,1,33,15,4,0,0,2,11,3,3,0,2,3,3,0,3,52,3,11,27,0,1,5,5,10,1,2,10,16,7,9,1,2,1,2,8,8,1,3,9,0,0,1,2,0,1,8,10,5,0,1,0,1,3,0,0,1,0,0,6,1,1,4,2,5,0,2,0,0,1,1,2,1,0,1,0,0,0,0,0
附子,7,1,23,1,3,1,1,5,5,4,3,15,21,0,0,0,0,15,3,2,0,18,0,0,8,0,0,4,4,0,0,1,2,3,4,0,0,1,1,0,6,4,0,0,2,3,3,0,0,1,5,0,0,0,0,0,1,1,0,0,1,0,0,8,2,3,2,0,0,1,2,0,0,0,0,6,0,0,0,0,0,2,0,0,0,0,0,0,0,1,1,0,0,1,0,0,0,0,0,0,2,0,0,0,0,0,0,0,0
滑石,0,0,0,0,0,0,1,1,2,1,0,0,3,0,0,2,2,0,0,0,0,8,0,0,0,3,0,4,0,0,0,6,2,0,0,0,0,0,0,0,0,0,0,0,0,0,0,0,0,0,0,0,0,0,0,0,0,0,0,0,0,0,0,0,0,0,0,0,0,0,0,0,0,0,0,0,0,1,0,0,0,0,0,0,0,0,0,0,3,0,0,5,0,0,0,0,0,0,0,0,0,0,0,0,0,0,0,0,0
丁香,5,5,56,0,1,1,0,0,0,3,1,8,4,1,4,1,0,107,1,0,10,33,8,0,0,5,0,11,0,0,41,0,0,0,0,1,0,0,0,0,1,0,3,1,0,13,0,0,4,0,0,0,0,0,3,0,3,17,3,0,0,0,0,81,6,50,2,3,6,3,0,1,1,0,0,0,16,14,0,0,0,0,0,0,0,0,0,0,0,10,1,0,0,0,0,0,0,0,0,0,0,1,0,0,0,0,0,0,0
黄连,2,0,21,0,3,0,0,4,4,0,0,5,7,2,22,4,0,12,0,0,0,6,0,3,5,0,0,3,0,0,0,2,0,0,0,0,0,0,0,0,0,0,0,0,0,0,0,0,0,5,0,0,0,0,1,0,3,0,0,0,1,0,0,13,0,1,1,0,0,1,0,0,0,0,0,0,0,39,0,0,0,0,0,0,0,0,0,0,0,0,0,0,2,5,0,0,0,0,0,0,0,0,0,0,1,0,0,0,0
秦艽,2,0,0,0,1,1,0,0,0,0,0,2,2,0,0,0,0,0,1,0,4,2,0,0,0,0,0,0,0,0,0,0,0,0,0,0,0,0,0,0,0,0,0,0,2,0,1,3,2,0,0,0,0,0,0,0,0,0,0,0,0,0,0,0,0,0,0,0,0,0,0,0,0,0,0,0,0,0,0,0,0,0,0,0,0,0,0,0,0,10,0,0,0,0,0,0,0,0,0,0,0,0,0,0,0,0,0,0,0
茯苓,16,0,8,0,3,0,0,0,1,25,5,21,15,4,1,0,0,26,8,1,10,29,4,4,11,3,0,0,5,0,9,10,0,0,1,0,1,3,0,0,3,2,0,0,0,6,3,1,6,3,5,3,10,4,0,0,2,0,0,5,0,0,0,0,0,2,0,0,6,3,3,0,1,0,0,0,0,2,0,0,0,0,0,0,0,0,0,0,0,1,0,0,0,0,0,0,0,0,2,0,0,0,0,0,1,0,0,0,0
山药,3,1,3,0,0,0,0,1,0,5,1,0,0,0,0,0,0,6,0,0,1,7,4,0,0,0,0,5,0,1,3,0,0,0,3,0,3,0,0,2,0,1,1,1,0,0,3,0,0,0,3,0,0,4,0,0,0,0,0,4,5,0,0,0,0,2,1,0,3,0,0,0,0,3,0,0,0,0,0,3,0,0,0,0,2,0,0,0,1,0,0,0,0,0,0,0,0,0,0,0,0,0,0,0,0,0,0,0,0
威灵仙,1,0,0,0,1,0,0,2,0,0,1,0,1,0,0,0,0,0,0,0,0,1,0,0,0,0,0,0,1,0,0,0,0,0,0,0,0,0,0,0,0,0,0,0,0,0,0,0,0,0,0,0,0,0,0,0,0,0,0,0,0,0,0,0,0,0,0,0,0,0,0,0,0,0,0,0,0,0,0,0,0,0,0,2,0,0,0,0,0,0,0,0,0,0,0,0,0,0,0,0,0,0,0,0,0,0,0,0,0
藿香,1,0,17,0,0,0,0,0,3,9,6,3,0,0,0,5,0,61,2,1,9,33,0,0,41,0,0,9,3,0,0,0,0,0,0,0,0,2,0,5,0,0,2,0,0,6,0,0,2,0,0,0,0,3,0,0,0,11,0,7,0,0,0,4,3,11,2,2,10,2,0,0,0,0,0,0,21,4,0,0,0,0,0,0,0,0,0,0,0,0,0,0,0,0,0,0,0,0,0,0,0,0,0,0,0,1,0,2,0
赤芍,16,0,1,3,1,0,0,4,0,0,10,6,19,1,1,3,0,6,5,4,5,15,1,6,0,2,0,10,0,0,0,0,0,0,1,0,0,0,0,0,0,0,0,0,1,0,9,4,0,0,0,1,0,1,0,2,2,1,0,0,0,1,0,0,0,0,1,0,4,0,0,0,0,0,0,0,0,0,1,0,0,0,0,0,0,0,0,0,0,2,0,0,0,0,2,0,0,0,0,0,2,0,0,1,0,0,0,0,0
牛膝,0,0,1,0,2,2,1,1,0,0,0,0,6,0,6,0,0,5,0,0,1,4,2,2,0,0,0,0,0,0,0,0,0,3,0,8,0,0,0,0,0,0,0,0,0,0,0,0,6,0,0,0,0,0,0,0,0,0,0,0,0,4,0,0,0,2,0,0,1,0,0,0,0,0,0,0,0,0,0,0,0,0,0,3,0,0,0,0,0,0,0,3,0,0,0,0,0,0,0,0,3,0,0,1,0,0,0,0,0
肉苁蓉,0,6,3,0,0,0,2,1,0,0,0,0,4,0,0,0,0,1,0,0,1,0,3,0,0,0,0,0,0,0,0,0,3,0,0,0,0,0,0,0,0,0,0,0,1,0,0,0,0,0,1,0,0,0,0,0,0,0,0,0,4,0,0,0,0,0,0,0,6,0,0,0,0,0,0,0,0,0,0,0,2,0,0,0,3,0,0,0,0,0,0,0,0,0,0,0,0,0,0,0,0,0,0,0,0,0,0,0,0
山茱萸,1,0,2,1,0,0,0,0,0,0,1,2,0,0,0,0,0,0,0,0,0,0,4,0,0,0,0,1,3,0,0,1,0,0,0,0,0,0,0,0,0,2,0,0,1,1,4,0,1,0,3,0,0,0,0,0,0,1,0,0,0,0,0,0,0,0,0,0,0,0,0,0,0,0,0,0,0,0,0,0,0,0,1,0,0,0,0,0,0,0,0,0,0,0,0,0,0,0,0,0,0,0,0,0,0,0,0,0,0
杜仲,0,2,0,0,3,2,0,0,0,2,0,0,2,0,6,0,0,1,0,0,0,2,0,0,1,0,0,0,0,0,0,0,8,0,0,0,0,0,0,0,0,0,0,1,0,1,0,0,6,0,0,0,0,0,1,0,0,0,0,0,0,0,0,0,0,1,1,0,1,0,2,0,0,0,0,0,0,0,1,1,0,0,0,0,0,0,0,0,0,0,0,0,0,0,0,0,0,0,0,0,0,0,0,0,0,0,0,0,0
苍术,6,0,1,2,3,2,0,7,0,3,2,4,1,0,0,1,1,2,4,3,3,11,0,0,0,0,0,1,3,0,0,0,0,0,0,0,0,0,0,1,0,0,1,0,0,6,1,1,4,0,1,0,0,0,0,0,1,0,1,0,0,1,1,0,1,0,0,0,0,4,0,0,0,0,0,0,0,0,0,0,0,0,0,0,0,0,0,0,0,0,0,0,0,0,0,0,0,0,0,0,0,0,0,1,0,0,0,0,0
全蝎,0,0,0,0,3,1,1,3,0,0,2,0,3,0,0,0,0,6,1,2,2,3,1,0,0,0,0,3,0,0,2,0,0,0,0,0,0,0,0,0,0,3,0,0,0,0,0,0,0,0,0,0,0,0,0,0,0,0,0,3,0,0,0,0,0,0,0,0,0,6,0,0,0,0,0,0,0,0,0,0,0,0,0,0,0,0,0,0,0,0,0,0,0,0,0,0,0,0,0,0,0,0,0,0,0,0,0,0,0
防己,0,0,0,0,0,0,0,0,0,3,0,0,0,0,0,0,0,0,0,0,0,3,1,0,0,0,0,0,0,0,0,0,0,0,0,0,0,0,0,0,0,0,0,0,0,0,0,0,0,0,0,0,0,0,0,0,0,0,0,0,0,0,0,0,0,0,0,0,0,0,0,0,0,0,0,0,0,0,0,0,0,0,0,0,0,0,0,0,0,0,0,0,0,0,0,0,0,0,0,0,0,0,0,0,0,0,0,0,0
石菖蒲,3,0,5,0,1,1,0,0,0,0,0,0,3,0,0,5,0,8,1,0,0,0,0,0,0,0,0,0,2,0,5,0,0,0,0,0,1,0,0,0,0,0,0,0,0,0,0,0,0,0,1,0,0,0,0,0,0,0,1,0,0,0,0,0,0,5,2,0,2,0,0,0,0,0,0,0,0,0,0,5,0,0,0,0,1,0,1,3,3,0,0,0,0,0,0,0,0,0,0,0,0,0,0,0,0,0,0,0,0
紫苏子,3,0,5,0,0,0,0,0,4,0,0,0,1,0,0,0,0,6,6,0,0,2,6,0,1,0,0,3,0,0,0,0,0,0,0,0,0,0,0,0,0,0,0,0,0,6,0,0,0,0,0,0,0,0,0,0,0,0,0,0,0,0,0,0,0,0,0,0,0,0,0,0,0,0,0,0,0,0,0,0,0,0,0,0,0,0,0,0,0,0,0,0,0,0,0,0,0,0,0,0,0,0,0,0,0,0,0,0,0
川楝子,1,0,2,0,0,0,0,0,0,0,1,2,3,0,0,0,0,0,0,0,0,3,4,0,0,0,0,2,1,0,0,0,0,0,2,0,0,3,0,0,0,0,1,0,0,4,0,0,1,1,0,0,0,0,0,0,0,0,0,0,0,0,0,0,0,0,1,0,0,0,2,0,0,0,0,0,0,0,0,0,0,0,1,0,0,0,0,0,0,0,0,0,0,0,0,0,0,0,0,0,0,0,0,0,0,0,0,0,0
乌药,1,0,1,1,0,0,0,0,0,2,0,0,0,0,0,0,0,2,2,0,0,3,0,0,3,0,0,0,1,0,2,0,0,0,0,0,1,0,0,0,0,1,0,0,0,5,1,0,0,0,0,0,0,0,0,0,0,2,0,0,0,0,0,0,1,0,0,2,0,0,0,0,2,0,0,0,0,0,0,0,0,0,0,0,0,0,0,0,0,0,0,0,0,0,0,0,0,0,0,0,0,0,0,1,0,0,0,0,0
薏苡仁,0,0,1,0,0,0,0,0,0,0,0,0,0,0,0,0,0,1,0,0,1,0,0,0,1,0,0,0,1,0,0,0,0,0,0,1,0,0,0,0,0,0,0,0,1,1,0,0,1,0,0,0,0,0,1,0,0,1,0,1,0,0,0,0,0,1,1,0,1,0,0,0,0,1,0,0,0,0,0,0,0,0,0,0,0,0,0,0,1,0,0,0,0,0,0,0,0,0,0,0,0,0,0,0,0,0,0,0,0
石斛,2,1,0,1,0,0,0,0,0,0,2,3,4,0,0,0,0,1,0,0,1,3,2,0,0,0,2,0,0,0,0,1,0,1,1,0,0,0,0,0,0,0,0,1,0,0,2,0,2,1,0,0,0,0,0,0,0,1,0,0,2,0,0,0,0,0,0,0,0,0,0,0,0,0,0,0,0,0,0,0,0,0,0,0,0,0,0,0,0,0,0,0,0,0,0,0,0,0,0,0,0,0,0,0,0,0,0,0,0
陈皮,20,0,11,1,0,0,0,1,2,10,2,33,12,10,0,0,0,16,8,6,3,52,3,0,13,0,0,6,0,0,6,0,0,0,1,1,6,0,0,0,6,4,5,1,0,0,1,0,13,0,0,0,3,0,4,3,0,1,6,0,0,0,0,0,5,1,2,1,11,4,0,0,2,0,0,5,2,0,0,0,0,0,1,0,0,0,0,0,1,0,0,0,0,0,0,0,0,0,0,0,0,0,0,1,0,0,0,0,0
牡丹皮,4,0,1,6,4,0,0,3,0,1,1,6,9,2,0,0,0,1,1,1,2,3,3,0,0,0,1,3,3,0,0,9,0,0,4,0,1,0,0,0,0,0,1,0,2,1,0,0,1,4,3,0,0,0,0,2,1,1,0,0,0,0,0,0,1,0,0,0,1,0,0,0,0,0,0,0,0,0,0,0,0,0,0,0,0,0,0,0,0,0,0,0,0,0,1,0,0,0,2,0,0,0,0,2,0,1,0,0,0
柴胡,3,0,2,0,3,4,0,7,2,0,1,2,1,3,0,0,1,6,1,4,4,11,0,0,0,0,3,1,0,0,0,4,0,0,0,0,1,0,0,0,0,0,0,0,0,0,0,0,2,0,0,1,2,0,0,0,2,0,0,0,0,0,2,0,0,0,0,0,0,0,0,0,0,0,0,0,0,0,0,0,0,0,1,0,0,0,0,0,1,4,0,0,0,0,0,0,0,0,2,0,0,0,0,0,0,0,0,0,0
桔梗,11,0,2,1,2,0,0,4,5,5,8,17,3,1,6,0,0,10,3,0,3,27,0,0,4,0,2,6,0,0,2,0,6,0,1,6,4,0,0,0,0,1,0,1,2,13,1,2,0,1,0,0,3,0,0,1,0,2,3,1,0,0,0,0,0,1,0,0,3,0,0,0,0,1,0,0,0,0,0,0,0,0,0,0,0,0,0,0,0,0,0,0,0,0,0,0,0,0,0,0,0,0,0,0,0,0,0,0,0
吴茱萸,1,0,0,0,6,0,0,4,0,1,0,5,9,2,0,0,0,4,0,0,0,0,1,0,0,5,0,3,0,0,0,0,0,0,0,0,0,0,0,0,0,1,0,0,1,0,4,0,1,0,2,0,0,0,0,0,0,0,0,0,2,0,0,0,0,0,0,0,0,0,0,0,0,0,0,0,0,1,0,0,0,0,0,0,0,0,0,0,0,0,0,0,0,0,0,0,0,0,1,0,0,0,0,0,0,0,0,0,0
泽泻,3,1,1,0,2,1,0,0,0,8,0,0,1,1,0,0,0,0,1,0,1,1,5,0,0,0,0,5,3,0,0,0,0,1,3,0,1,0,0,1,0,0,0,0,0,0,3,0,0,2,0,0,0,0,0,0,0,0,1,0,1,0,0,0,0,0,0,0,0,0,0,0,0,0,0,0,0,0,0,0,0,0,0,0,0,0,0,0,0,0,0,0,0,0,0,0,0,0,0,0,0,0,0,0,0,0,0,0,0
葛根,2,9,0,0,0,0,0,0,0,2,0,1,0,1,0,0,0,12,4,2,0,5,0,0,0,0,0,3,0,0,0,1,0,0,0,0,0,0,0,0,0,0,0,0,0,0,0,1,0,0,0,0,2,0,0,0,1,0,0,0,0,0,0,0,0,0,0,0,0,0,0,0,0,0,0,0,0,0,0,0,0,0,0,0,0,0,0,0,0,0,0,0,0,0,0,0,0,0,0,0,0,0,0,0,0,0,0,0,0
枳实,0,0,1,0,0,0,0,0,1,9,0,12,0,0,0,1,0,5,0,2,0,5,0,0,0,0,0,10,0,0,0,0,0,0,0,0,0,0,0,0,0,0,0,0,0,3,0,2,3,0,0,2,0,2,0,0,0,0,0,0,0,0,0,0,0,0,0,0,0,0,0,0,0,0,0,0,0,1,0,0,0,0,4,0,0,0,0,0,0,0,0,0,0,0,0,0,0,0,0,0,0,0,0,0,0,0,0,0,0
知母,0,0,0,0,0,0,0,0,0,3,0,1,0,0,0,0,0,10,0,4,0,10,0,0,0,0,0,4,4,0,3,1,0,0,0,0,0,0,0,0,0,0,0,0,0,0,0,0,0,0,0,0,2,0,0,0,2,0,1,4,0,2,0,0,0,0,0,0,0,0,0,0,0,0,0,0,3,1,0,0,0,0,2,0,0,0,0,0,0,0,0,0,0,0,0,0,0,0,0,0,0,0,0,0,0,0,0,0,0
枇杷叶,0,0,0,0,0,0,0,0,0,0,0,0,0,0,0,0,0,1,0,0,0,1,0,0,3,1,0,0,0,0,0,0,0,0,0,1,0,0,0,0,0,0,0,1,0,4,0,0,0,0,0,0,0,0,0,0,0,0,0,0,0,0,0,0,0,1,1,0,1,0,0,0,0,0,0,0,0,0,0,0,0,0,0,0,0,0,0,0,0,0,0,0,0,0,0,0,0,0,0,0,0,0,0,0,0,0,0,0,0
五加皮,1,0,0,0,0,0,0,0,0,0,0,2,3,0,0,0,0,0,1,0,0,2,0,0,0,0,0,0,0,0,0,2,0,0,0,0,0,0,0,0,0,0,0,0,0,3,2,0,1,0,0,0,0,0,0,0,0,0,0,0,0,3,0,0,0,0,0,0,0,0,0,0,0,0,0,0,0,0,0,0,0,0,0,0,0,0,0,0,0,0,0,0,0,0,0,0,0,0,0,0,0,0,0,0,0,0,0,0,0
乌梅,2,0,1,0,0,0,0,3,0,0,0,0,4,2,0,0,0,5,2,2,1,10,1,0,3,3,0,2,0,0,0,2,0,0,0,0,1,0,0,0,0,0,0,0,0,0,1,2,0,0,0,1,0,2,0,0,0,1,2,1,0,0,0,3,0,4,0,0,2,0,0,0,0,0,0,0,4,1,0,0,0,0,1,0,0,0,0,0,0,0,0,0,0,1,0,0,0,0,2,0,0,0,0,1,0,0,0,0,0
砂仁,2,0,8,1,0,0,0,1,1,1,1,3,0,0,0,0,0,4,0,1,0,16,1,0,17,0,0,0,0,0,11,1,0,0,1,0,0,0,0,0,0,0,2,1,1,1,1,0,2,0,0,0,0,0,0,0,1,0,6,2,0,0,0,0,4,0,0,3,0,5,0,1,0,1,0,0,0,0,0,0,0,0,0,0,0,0,0,0,0,0,0,0,0,0,0,0,0,0,0,0,0,0,0,0,0,0,0,0,0
草果,0,7,0,0,1,1,0,0,0,0,6,2,0,0,0,0,0,6,1,0,6,7,0,0,3,0,0,0,0,0,0,0,0,0,0,0,1,0,0,1,0,0,0,0,0,6,0,0,3,0,1,0,0,1,0,0,2,6,0,1,0,0,0,0,0,0,1,0,3,8,0,0,0,0,0,0,0,0,0,0,0,0,0,0,0,0,0,0,0,0,0,0,0,0,0,0,0,0,0,0,0,0,0,0,0,0,0,0,0
白扁豆,0,0,0,0,0,0,0,0,0,3,0,0,0,0,0,0,0,9,0,0,0,9,0,0,0,0,0,5,4,0,7,0,0,0,0,0,0,3,0,0,0,0,0,1,0,0,0,0,1,0,0,0,0,4,0,0,1,2,1,0,0,0,0,0,0,0,0,0,0,3,0,0,0,1,0,0,0,0,0,0,0,0,0,0,0,0,0,0,0,0,0,0,0,0,0,0,0,0,0,0,0,0,0,0,0,0,0,0,0
菟丝子,1,8,0,0,2,0,1,1,0,2,0,0,0,0,0,0,0,0,0,0,0,1,1,0,0,1,0,0,5,0,0,0,0,4,0,0,0,0,0,0,0,0,0,0,2,0,0,0,0,2,1,0,0,0,0,0,0,0,0,0,0,0,0,0,0,2,1,0,6,0,0,0,0,2,0,0,0,0,0,0,2,0,0,0,3,0,0,0,4,2,0,0,0,0,0,0,0,0,0,0,0,0,0,0,0,0,0,0,0
地骨皮,0,0,0,0,1,0,0,1,0,0,1,0,1,0,0,0,0,5,0,1,1,2,0,0,0,0,0,0,0,0,0,1,4,0,0,0,1,0,0,0,0,0,0,0,0,0,0,0,0,0,0,0,0,2,0,3,0,0,0,0,0,0,0,0,0,0,0,0,0,0,0,0,0,0,0,0,0,2,0,0,0,0,0,0,0,0,0,0,0,0,0,0,0,0,0,0,0,0,0,0,0,0,0,0,0,0,0,0,0
茵陈,0,0,0,0,0,1,0,0,0,0,0,1,1,0,0,0,3,3,0,0,0,1,0,0,0,0,0,0,0,0,0,0,0,0,0,0,1,0,0,0,0,0,0,0,0,0,0,2,0,0,0,0,0,0,0,0,0,0,0,0,0,0,0,0,0,1,0,0,1,0,0,0,0,0,0,0,0,0,0,0,0,0,0,0,0,0,0,0,0,0,0,0,0,0,0,0,0,0,0,0,0,0,0,0,0,0,0,0,3
豆蔻,1,4,25,0,0,0,0,0,0,0,0,0,0,0,11,0,0,59,0,0,0,2,8,0,81,13,0,0,0,0,4,0,0,0,0,0,0,0,0,0,0,0,0,0,0,0,0,0,0,0,0,0,0,0,0,0,3,0,0,0,0,0,0,0,2,27,0,0,0,0,0,0,0,0,0,0,0,12,0,0,0,0,0,0,0,0,0,0,0,9,0,0,0,0,0,0,0,0,0,0,0,0,0,0,0,0,0,0,0
莪术,3,0,7,1,0,0,1,1,0,2,0,6,3,1,0,0,0,2,0,0,1,8,2,0,6,0,0,0,0,0,3,0,0,0,0,0,1,0,0,0,0,0,1,0,0,5,1,0,0,0,0,0,0,0,0,0,0,4,0,0,0,0,0,2,0,3,0,1,0,0,0,0,2,0,0,0,0,3,0,0,0,0,0,0,0,0,0,0,0,0,0,0,0,0,0,0,0,0,0,0,0,0,0,1,0,0,0,0,0
沉香,1,21,40,0,0,1,0,0,0,1,0,2,24,0,0,7,2,56,0,0,0,8,3,0,50,1,0,2,2,0,11,0,2,0,0,1,0,0,0,5,0,0,0,1,0,1,0,0,1,0,0,0,0,0,1,0,4,0,0,0,2,0,1,27,3,0,4,0,1,0,0,1,2,0,0,0,0,1,0,0,0,0,0,0,0,0,0,0,0,32,1,0,0,0,0,0,0,0,0,0,0,1,0,0,0,0,0,0,0
槟榔,0,0,10,0,0,0,0,0,0,0,0,0,0,0,0,2,1,2,0,0,0,1,2,0,2,1,0,0,1,0,2,1,0,0,0,1,0,0,0,2,0,1,0,1,0,2,0,0,0,0,0,0,0,0,1,0,0,0,1,0,1,0,0,0,0,4,0,0,1,3,6,0,0,0,0,0,0,0,0,0,0,0,0,0,0,0,0,0,0,0,0,0,0,0,0,0,0,0,0,0,0,0,0,0,0,0,0,0,0
甘松,1,0,2,0,0,0,0,0,0,0,1,1,0,0,0,0,0,0,0,0,0,3,0,0,3,0,0,0,0,0,2,0,0,0,0,0,0,0,0,0,0,0,2,0,0,1,0,0,0,0,0,0,0,0,0,0,0,3,0,0,0,0,0,0,1,0,0,0,0,0,0,0,0,0,0,0,0,0,0,0,0,0,0,0,0,0,0,0,0,0,0,0,0,0,0,0,0,0,0,0,0,0,0,0,0,0,0,0,0
五味子,12,6,1,0,0,0,1,0,0,0,0,4,3,4,0,0,0,19,7,1,1,9,0,0,6,0,0,6,3,0,10,4,1,6,0,1,0,0,0,2,0,0,0,1,0,11,1,0,3,0,0,0,0,0,1,0,2,0,3,0,6,0,1,0,0,1,1,0,0,0,0,0,0,0,2,0,9,0,0,3,2,0,0,0,3,0,0,6,7,0,0,0,0,0,2,0,0,0,0,0,0,0,0,1,0,0,0,0,1
神曲,0,0,3,0,0,0,0,0,0,0,2,3,0,0,0,0,0,6,0,0,0,0,1,0,3,1,0,3,0,0,2,0,0,0,0,0,4,6,0,0,0,0,0,0,0,4,0,0,0,0,0,0,0,0,0,0,0,5,8,3,0,0,0,0,0,0,3,0,0,0,0,0,0,0,0,0,0,0,0,0,0,0,0,0,0,0,0,0,0,0,0,0,0,0,0,0,0,0,0,0,0,0,0,0,0,0,0,0,0
补骨脂,0,0,0,0,0,0,0,0,0,0,0,0,0,0,0,0,0,0,0,0,0,0,2,0,0,0,0,3,0,0,0,0,0,0,0,2,0,0,0,0,0,2,0,0,0,0,0,0,0,0,0,0,0,0,0,0,0,0,0,0,0,0,0,0,0,0,6,0,0,0,0,0,0,0,0,0,0,0,0,0,0,0,0,0,0,0,0,0,0,0,0,0,0,0,0,0,0,0,0,0,0,0,0,0,0,0,0,0,0
香附,0,0,0,0,0,0,0,0,0,1,0,0,0,0,0,0,0,1,0,0,1,1,0,0,1,0,0,0,0,0,0,0,0,0,0,0,0,0,0,0,0,0,0,0,0,0,0,0,0,0,0,0,0,0,0,0,0,1,0,0,0,0,0,0,0,1,0,0,0,0,0,0,0,0,0,0,0,0,0,0,0,0,0,0,0,0,0,0,0,0,0,0,0,0,0,0,0,0,0,0,0,0,0,0,0,0,0,0,0
连翘,1,0,1,0,0,1,0,0,0,0,0,0,0,0,0,2,2,0,0,0,0,2,0,0,1,0,0,1,0,0,0,0,0,0,0,0,0,0,0,0,0,0,2,0,0,2,0,0,0,0,0,0,0,0,0,0,0,0,0,0,0,0,0,0,2,2,0,0,0,0,0,0,0,0,0,0,0,0,0,0,0,0,0,0,0,0,0,0,0,0,1,0,0,0,0,0,0,0,0,0,0,1,0,0,0,0,0,0,0
莲子,0,0,0,0,0,0,0,0,0,0,0,0,0,0,0,0,0,0,0,0,0,0,0,0,0,0,0,0,3,0,0,0,0,0,0,0,0,0,0,0,0,0,0,1,0,0,0,0,1,0,0,0,0,0,0,0,0,1,0,1,2,0,0,0,0,0,0,0,0,0,0,0,0,0,0,0,0,0,0,0,0,0,0,0,0,0,0,0,0,0,0,0,0,0,0,0,0,0,0,0,0,0,0,0,0,0,0,0,0
紫菀,1,0,0,0,0,0,0,0,0,0,0,0,0,0,0,0,0,0,0,0,0,1,0,0,0,0,0,0,0,0,0,0,0,0,0,0,0,0,0,0,0,0,0,0,0,0,0,0,0,0,0,0,0,0,0,0,0,0,0,0,0,0,0,0,0,0,0,0,2,0,0,0,0,0,0,0,0,0,0,0,0,0,0,0,0,0,0,0,0,0,0,0,0,0,0,0,0,0,0,0,0,0,0,0,0,0,0,0,0
通草,0,0,0,0,0,0,0,0,0,0,0,9,11,0,0,0,0,2,0,3,0,8,6,0,0,0,0,0,0,0,0,0,0,0,0,0,0,0,0,0,0,0,0,0,0,5,0,0,0,0,0,0,0,0,0,0,0,0,0,0,0,0,0,0,0,0,0,0,0,0,0,0,0,0,0,0,0,0,0,0,0,0,0,0,0,0,0,0,0,0,0,0,0,0,0,0,0,0,0,0,0,0,0,0,0,0,0,0,0
款冬花,0,0,0,0,0,0,0,0,0,0,0,2,0,0,0,0,0,45,1,0,7,10,0,0,16,0,0,0,0,0,21,0,0,0,0,0,0,0,0,0,0,0,0,0,0,2,0,0,0,0,0,0,0,3,0,0,4,0,0,0,0,0,0,0,0,0,0,0,9,0,0,0,0,0,0,0,0,2,0,0,0,0,0,0,0,0,0,0,0,0,0,0,0,0,0,0,0,0,0,0,0,0,0,0,0,0,0,0,0
阿胶,1,1,15,0,5,0,0,3,4,0,0,4,6,0,19,0,0,32,1,0,9,5,0,1,14,39,0,2,0,0,4,0,0,0,0,0,0,0,0,0,0,0,0,0,0,0,0,0,0,1,0,0,1,1,0,0,1,0,0,0,0,2,0,12,3,1,0,0,0,0,0,0,0,0,0,0,2,0,2,0,0,0,1,0,0,0,0,0,0,0,0,0,0,0,0,0,0,0,2,0,0,0,0,0,0,0,0,0,0
丹参,0,0,0,0,4,0,0,0,0,0,1,0,1,0,0,0,0,0,0,0,0,0,0,0,0,0,0,0,0,0,0,1,0,0,0,1,0,0,0,0,0,0,0,0,0,0,0,0,0,0,0,0,0,0,0,0,0,0,0,0,0,0,0,0,0,0,0,0,0,0,0,0,0,0,0,0,0,2,0,1,0,0,0,0,0,0,0,0,0,0,0,0,0,0,0,0,0,0,0,0,0,0,0,0,0,0,0,0,0
柏子仁,3,0,0,0,1,0,0,0,0,0,0,0,3,0,0,0,0,4,0,1,0,1,0,0,0,0,0,0,3,0,0,0,0,0,0,1,0,0,0,5,0,0,0,0,0,0,0,0,0,0,0,0,0,0,0,0,0,0,0,0,0,0,0,0,0,0,0,0,3,0,0,0,0,0,0,0,0,0,1,0,0,0,0,0,1,0,0,4,3,0,0,0,0,0,0,0,0,0,0,0,0,0,0,0,0,0,0,0,0
百部,0,1,0,0,0,0,0,0,0,0,0,0,0,0,0,0,0,0,0,0,0,0,0,0,0,0,0,0,0,0,0,0,0,2,0,0,0,0,0,0,0,0,0,0,0,0,0,0,0,0,0,0,0,0,0,0,0,0,0,0,2,0,0,0,0,0,0,0,2,0,0,0,0,0,0,0,0,0,0,0,0,0,0,0,2,0,0,0,0,0,0,0,0,0,0,0,0,0,0,0,0,0,0,0,0,0,0,0,0
蝉蜕,0,0,0,0,1,0,0,0,0,0,0,0,2,0,0,0,0,0,0,2,0,1,2,0,0,0,0,0,0,0,0,0,0,0,0,0,0,0,0,0,0,0,0,0,0,0,0,0,0,0,0,0,0,0,0,0,0,0,0,0,0,0,0,0,0,0,0,0,0,0,0,0,0,0,0,0,0,0,0,0,0,0,0,0,0,0,0,0,0,0,0,0,0,0,0,2,0,0,0,0,0,0,0,0,0,0,0,0,0
桃仁,0,0,2,0,0,0,0,0,0,0,1,2,1,0,0,0,0,5,0,2,0,3,0,0,0,0,0,0,0,0,0,0,0,0,1,0,0,0,0,0,0,1,0,0,0,1,0,1,0,0,0,0,4,2,0,0,1,0,0,0,0,0,0,0,0,0,0,0,0,0,0,0,0,0,0,0,0,1,0,0,0,0,0,10,0,0,0,0,0,0,0,0,0,0,0,0,0,0,0,0,0,0,0,0,0,0,0,0,0
何首乌,0,0,0,0,11,0,0,1,0,0,0,0,0,0,0,0,0,0,0,0,17,0,0,0,0,0,0,0,0,2,0,0,3,0,0,0,0,0,0,0,0,0,0,0,0,0,0,0,0,0,0,0,0,0,0,0,0,0,0,0,0,0,0,0,0,0,0,0,0,0,0,0,0,0,0,0,0,0,0,0,0,0,10,0,0,0,0,0,0,0,0,0,0,0,0,0,0,0,0,0,0,0,0,0,0,0,0,0,0
远志,0,2,0,0,5,0,0,0,0,0,0,0,0,0,0,0,0,4,0,0,0,0,0,0,0,0,0,0,2,0,0,0,0,3,0,0,0,0,0,1,0,0,0,0,0,0,0,0,0,0,0,0,0,0,0,0,0,0,0,0,3,0,0,0,0,0,0,0,3,0,0,0,0,0,0,0,0,0,0,1,2,0,0,0,0,0,0,0,0,0,0,0,0,0,0,0,0,3,0,0,0,0,0,0,0,0,0,0,0
大枣,1,0,0,0,0,0,0,0,0,0,0,0,0,1,0,0,0,1,0,0,0,1,0,0,0,0,0,0,0,0,0,0,0,0,0,0,0,0,0,0,0,0,0,0,0,0,0,0,0,0,0,0,0,0,0,0,0,0,0,0,0,0,0,0,0,0,0,0,0,0,0,0,0,0,0,0,0,0,0,0,0,0,0,0,0,0,0,0,0,0,0,0,0,0,0,0,0,0,0,0,0,0,0,0,0,0,0,0,0
黄精,0,0,0,0,0,0,0,0,0,0,0,0,0,0,0,0,0,0,0,0,0,0,0,0,0,0,0,0,0,0,0,0,0,0,0,0,0,0,0,1,0,0,0,0,0,0,0,0,0,0,0,0,0,0,0,0,0,0,0,0,0,0,0,0,0,0,0,0,0,0,0,0,0,0,0,0,0,0,0,0,0,0,0,0,0,0,0,0,0,0,0,0,0,0,0,0,0,0,0,0,0,0,0,0,0,0,0,0,0
酸枣仁,7,0,0,0,0,0,0,0,0,0,0,0,3,0,0,0,0,9,0,0,0,0,0,0,0,0,0,0,0,0,0,0,0,0,0,0,0,0,0,3,0,0,0,0,0,0,0,0,0,0,0,0,0,0,0,0,0,0,0,0,0,0,0,0,0,0,0,0,6,0,0,0,0,0,0,0,0,0,0,4,0,0,0,0,0,0,0,0,8,0,0,0,0,0,0,0,0,0,0,0,0,0,0,0,0,0,0,0,0
车前子,7,0,1,0,0,1,0,2,1,0,0,2,3,0,0,2,4,9,0,0,1,6,0,3,0,0,0,0,1,0,0,0,0,0,0,0,0,0,0,3,0,0,0,1,0,1,0,1,0,0,0,0,0,0,0,0,0,0,0,0,4,0,0,0,0,0,0,0,7,0,0,0,0,0,0,0,0,0,0,3,0,0,0,0,0,0,0,8,0,0,0,3,0,0,0,0,0,0,0,0,0,0,0,0,0,0,0,0,0
鳖甲,2,15,1,0,0,0,0,9,0,1,0,1,26,0,0,1,0,33,0,0,3,1,1,0,10,0,10,1,0,0,0,2,0,0,0,0,0,0,0,0,0,0,0,0,0,0,0,4,0,0,0,0,0,0,0,0,0,0,0,0,2,0,0,9,0,32,0,0,0,0,0,0,0,0,0,0,0,0,0,0,0,0,0,0,0,0,0,0,0,0,1,0,0,0,0,0,0,0,0,0,0,0,0,0,0,0,0,0,0
桑寄生,0,0,1,0,0,2,0,0,0,1,0,1,3,0,2,1,0,2,0,0,0,1,1,0,1,0,0,0,0,0,0,0,0,0,0,0,0,0,0,0,0,0,0,0,0,0,0,0,0,0,0,0,0,0,0,0,0,0,0,0,0,0,0,0,0,1,0,0,0,0,0,0,1,0,0,0,0,0,0,0,0,0,0,0,0,0,0,0,0,1,0,0,0,0,2,0,0,0,0,0,0,1,0,0,0,0,0,0,0
瞿麦,0,0,0,0,0,0,0,0,0,1,0,0,2,0,0,2,4,0,0,0,0,4,0,5,0,0,0,0,0,0,0,0,3,0,0,0,0,0,0,0,0,0,0,0,0,0,0,0,0,0,0,0,0,0,0,0,0,0,0,0,0,0,0,0,0,0,0,0,0,0,0,0,0,0,0,0,0,0,0,0,0,0,0,0,0,0,0,0,3,0,0,0,0,0,0,2,0,0,0,0,0,0,0,0,0,0,0,0,0
山豆根,0,0,0,0,0,0,0,0,0,0,0,0,0,0,0,0,0,0,0,0,0,2,0,0,0,2,0,0,0,0,0,0,0,0,0,0,0,0,0,0,0,0,0,0,0,0,0,0,0,0,0,0,0,0,0,0,0,0,0,0,0,0,0,0,0,0,0,0,0,0,0,0,0,0,0,0,0,0,0,0,0,0,0,0,0,0,0,0,0,0,0,0,0,0,0,0,0,0,0,0,0,0,0,0,0,0,0,0,0
黄柏,1,0,2,0,0,0,0,0,0,0,0,4,6,0,4,0,0,1,0,2,0,5,1,0,0,5,0,0,0,0,0,0,0,0,0,0,0,0,0,0,0,0,0,0,0,0,0,0,0,0,0,0,0,0,0,0,1,0,0,0,0,0,0,0,0,0,0,0,0,0,0,0,0,0,0,0,0,0,0,0,0,0,0,0,0,0,0,0,0,0,0,0,0,0,0,0,0,0,0,0,0,0,0,0,0,0,0,0,0
艾叶,0,0,0,0,0,0,0,0,0,0,0,0,0,0,2,0,0,2,0,0,0,0,0,0,0,0,0,0,0,0,0,2,0,0,0,0,0,0,0,0,0,0,0,0,0,0,1,0,0,0,0,0,0,0,0,0,0,0,0,0,0,0,0,0,0,0,0,0,2,0,0,0,0,0,0,0,0,0,0,0,0,0,0,0,0,0,0,0,0,0,2,0,0,0,0,0,0,0,0,0,0,0,0,1,0,0,0,0,0
菊花,0,0,0,0,1,0,0,0,0,0,0,0,0,0,0,1,1,0,0,0,0,2,0,0,0,0,0,0,0,0,0,0,0,0,0,0,0,0,0,0,0,0,0,0,0,0,0,0,0,0,0,0,0,0,0,0,0,0,0,0,0,0,0,0,0,0,0,0,0,0,0,0,0,0,0,0,0,0,0,0,0,2,0,0,0,0,0,0,0,0,0,2,0,0,0,0,0,0,0,0,0,0,0,0,0,0,0,0,0
石决明,0,0,0,0,0,0,0,0,0,0,0,0,0,0,0,0,0,0,0,0,0,0,0,0,0,0,0,0,0,0,0,0,0,0,0,0,0,0,0,0,0,0,0,0,0,0,0,0,0,0,0,0,0,0,0,0,0,0,0,0,0,0,0,0,0,0,0,0,0,0,0,0,0,0,0,0,0,0,0,0,0,0,0,0,0,0,0,0,0,0,0,0,0,0,0,0,0,0,0,0,0,0,0,0,0,0,0,0,0
地肤子,0,0,0,0,3,0,0,0,0,0,0,0,0,0,0,0,0,3,0,0,0,0,0,0,0,0,0,0,0,0,0,0,0,0,0,0,0,0,0,0,0,0,0,0,0,0,0,0,0,0,0,0,0,0,0,0,0,0,0,0,0,0,0,0,0,0,0,0,0,0,0,0,0,0,0,0,0,0,0,0,0,0,0,0,3,0,0,0,0,0,0,0,0,0,0,0,0,0,0,0,0,0,0,0,0,0,0,0,0
蒲黄,2,0,0,2,0,0,0,4,2,0,0,2,15,0,0,0,0,12,0,0,0,1,0,0,0,0,0,2,0,0,0,0,0,0,0,0,0,0,0,0,0,0,0,0,0,0,2,2,0,1,0,0,0,0,0,0,2,0,0,0,0,0,0,0,0,0,0,0,0,0,0,0,0,0,0,0,0,2,0,0,0,0,0,0,0,0,0,0,0,0,0,0,0,0,0,0,0,0,0,0,0,0,0,0,0,0,0,0,0
郁金,0,0,0,0,0,0,0,0,1,0,0,0,0,0,0,0,0,0,0,0,0,1,0,0,0,0,0,0,0,0,0,0,0,0,0,0,0,0,0,0,0,0,0,0,0,0,0,0,0,0,0,0,0,0,0,0,0,0,0,0,0,0,0,0,0,0,0,0,0,0,0,0,0,0,0,0,0,0,0,0,0,0,0,0,0,0,0,0,0,0,0,0,0,0,0,0,0,0,0,0,0,0,0,0,0,0,0,0,0
蜈蚣,0,0,1,0,0,0,0,0,0,0,0,0,2,0,0,0,0,0,0,0,0,2,2,0,0,0,0,0,0,0,0,2,3,0,0,0,0,0,0,0,0,0,0,0,0,0,0,0,0,0,0,0,0,0,0,0,0,0,0,0,0,0,0,0,0,0,0,0,0,0,0,0,0,0,0,0,0,0,0,0,0,0,0,0,0,0,0,0,0,0,0,0,0,0,0,0,0,0,0,0,0,0,0,0,0,0,0,0,0
射干,0,0,1,0,0,1,0,0,0,0,0,0,0,0,0,1,0,0,0,0,0,1,0,0,1,0,0,0,0,0,0,0,0,0,0,0,0,0,0,0,0,0,0,0,0,0,0,0,0,0,0,0,0,0,0,0,0,0,0,0,0,0,0,0,0,1,0,0,0,0,0,0,1,0,0,0,0,0,0,0,0,0,0,0,0,0,0,0,0,0,1,0,0,0,0,0,0,0,0,0,0,0,0,0,0,0,0,0,0
覆盆子,0,0,0,0,0,0,0,0,0,0,0,0,0,0,0,0,0,0,0,0,0,0,0,0,0,0,0,0,0,0,0,0,0,0,0,0,0,0,0,0,0,0,0,0,0,0,0,0,0,0,0,0,0,0,0,0,0,0,0,0,0,0,0,0,0,0,0,0,0,0,0,0,0,0,0,0,0,0,0,0,0,0,0,0,0,0,0,0,0,0,0,0,0,0,0,0,0,0,0,0,0,0,0,0,0,0,0,0,0
红花,0,0,1,1,0,0,0,0,0,1,0,0,3,1,0,0,0,1,0,0,0,1,0,0,0,0,0,0,0,0,0,1,1,0,0,0,1,0,0,0,0,0,1,0,0,1,2,0,0,0,0,0,0,0,0,0,1,0,0,0,0,0,0,0,1,0,0,0,1,0,0,0,0,0,0,0,0,0,0,0,0,0,0,0,0,0,0,0,0,0,0,0,0,0,1,0,0,0,0,0,0,0,0,0,0,1,0,0,0
白蔹,0,0,0,0,0,0,0,0,0,0,0,0,0,0,0,0,0,0,0,0,0,0,0,0,0,1,0,1,0,0,0,0,0,0,0,0,0,0,0,0,0,0,0,0,0,0,0,0,0,0,0,0,0,0,0,0,0,0,0,0,0,0,0,0,0,0,0,0,0,0,0,0,0,0,0,0,0,0,0,0,0,0,0,0,0,0,0,0,0,0,0,0,0,0,0,0,0,0,0,0,0,0,0,0,0,0,0,0,0
百合,0,0,0,0,0,0,0,0,7,0,0,0,0,1,0,0,0,0,0,0,0,0,0,0,0,0,0,0,0,0,1,0,0,0,0,0,0,0,0,0,0,0,0,0,0,0,1,0,0,0,0,0,0,0,0,0,0,0,0,0,0,0,0,0,0,0,0,0,0,0,0,0,0,0,0,0,0,0,0,0,0,0,0,0,0,0,0,0,0,0,0,0,0,0,0,0,0,0,0,0,0,0,0,1,0,0,0,4,0
钩藤,0,0,0,0,0,0,0,0,0,0,0,0,0,0,0,0,0,0,0,0,0,0,0,0,0,0,0,0,0,0,0,0,0,0,0,0,0,0,0,0,0,0,0,0,0,0,0,0,0,0,0,0,0,0,0,0,0,0,0,0,0,0,0,0,0,0,0,0,0,0,0,0,0,0,0,0,0,0,0,0,0,0,0,0,0,0,0,0,0,0,0,0,0,0,0,0,0,0,0,0,0,0,0,0,0,0,0,0,0
麦芽,0,0,0,0,0,0,0,0,5,0,0,0,0,0,0,0,0,0,0,0,0,0,0,0,0,0,0,0,0,0,2,0,0,0,0,0,0,0,0,0,0,0,0,0,0,0,0,0,0,0,0,0,0,0,0,0,0,0,0,0,0,0,0,0,0,0,0,0,0,0,0,0,0,0,0,0,0,0,0,0,0,0,0,0,0,0,0,0,0,0,0,0,0,0,0,0,0,0,0,0,0,0,0,0,0,4,0,0,0
王不留行,0,0,0,0,0,0,0,0,0,0,0,1,0,0,0,0,0,0,0,0,0,0,0,0,0,0,0,0,0,0,0,0,0,0,0,0,0,0,0,0,0,0,0,0,0,0,0,0,0,0,0,0,0,0,0,0,0,0,0,0,0,0,3,0,0,0,0,0,1,0,0,0,0,0,0,0,0,0,0,0,0,0,0,0,0,0,0,0,0,0,0,0,0,0,0,0,0,0,0,0,0,0,0,0,0,0,0,0,0
